{"dataURL":"file:\/\/\/Users\/nadiaahmadian\/Desktop\/Training%20Data\/","id":"AF72FDFF-E6B9-4CB9-A2CA-60314508AD91","createdDate":"2021-08-06T11:05:00Z","title":"Training Data","modifiedDate":"2021-08-06T11:06:00Z","preferredFilename":"Training Data","version":"1.0","dataResult":{"itemsCount":80,"dataURL":"file:\/\/\/Users\/nadiaahmadian\/Desktop\/Training%20Data\/","classesCount":4,"analysis":{"summary":{"sampleCount":80,"classCount":4,"canUseValidation":1},"issues":[{"description":"4 classes found, including Lovebird, Rabbit, Dog","severity":"debug"},{"description":"80 images found, automatically creating validation set","severity":"good"},{"description":"Smallest class is \"Cat\" with 15 images","severity":"debug"},{"description":"Largest class is \"Lovebird\" with 33 images","severity":"debug"}],"classifierAnalysis":{"columns":[],"vizualizerSpec":"","labelStats":{"Rabbit":16,"Lovebird":33,"Cat":15,"Dog":16}}}},"activityEntities":["dataSourceMetrics",[{"id":"D61F6733-9B2A-4CBC-8DED-5570CBB7691D","title":"Data Summary","createdDate":"2021-08-06T11:05:18Z","event":"dataSourceMetrics","subtitle":"4 Classes, 80 Items"}],"dataSourceCreated",[{"id":"43AE3C5B-DCE8-4CC9-B002-B62E2233B15E","title":"Data Source Created","createdDate":"2021-08-06T11:05:00Z","event":"dataSourceCreated","subtitle":"Training Data"}],"dataSourceTrainingStarted",[{"id":"A970C868-78D9-41FA-90E6-617BA4959913","title":"Used By","createdDate":"2021-08-06T11:05:18Z","event":"dataSourceTrainingStarted","subtitle":"MyImageClassifier 1"}]],"pathType":0,"experimentIDs":["9DA75457-06FA-4369-BF46-1EBE8039700B"]}