{"id":"9DA75457-06FA-4369-BF46-1EBE8039700B","validationEntity":{"analysedDataType":"auto","dataResult":{}},"modelEntity":{"createdDate":"2021-08-06T11:04:49Z","id":"ACFA6205-088A-4378-BB53-3D5FE370954D","experimentID":"9DA75457-06FA-4369-BF46-1EBE8039700B","title":"","modifiedDate":"2021-08-06T11:04:49Z","preferredFilename":"","version":"1.0","modelURL":"Models\/MyImageClassifier%201.mlmodel"},"version":"1.0","settingEntity":{"taskType":"imageClassifier","augmentations":[],"styleTransferAlgorithmType":"image","iterationCount":25,"transferLearningEmbeddingType":"dynamic","harVideoAugmentations":0,"algorithmType":"maxEnt","seedType":"default","featureNames":[]},"state":"trained","trainingEntity":{"finishTime":"2021-08-06T11:05:34Z","recipeTrainingResults":{"imageClassifier":{"confusionMatrix":[{"expected":"Cat","actual":"Cat","count":14},{"expected":"Dog","actual":"Dog","count":13},{"expected":"Lovebird","actual":"Lovebird","count":28},{"expected":"Rabbit","actual":"Rabbit","count":15}],"statsByLabel":{"Rabbit":{"count":15,"precisionRecall":{"success":{"recall":1,"precision":1}}},"Lovebird":{"count":28,"precisionRecall":{"success":{"recall":1,"precision":1}}},"Cat":{"count":14,"precisionRecall":{"success":{"recall":1,"precision":1}}},"Dog":{"count":13,"precisionRecall":{"success":{"recall":1,"precision":1}}}},"accuracy":1}},"dataResult":{"itemsCount":80,"dataURL":"file:\/\/\/Users\/nadiaahmadian\/Desktop\/Training%20Data\/","classesCount":4,"dataSourceID":"AF72FDFF-E6B9-4CB9-A2CA-60314508AD91","analysis":{"summary":{"sampleCount":80,"classCount":4,"canUseValidation":1},"issues":[{"description":"4 classes found, including Lovebird, Dog, Rabbit","severity":"debug"},{"description":"80 images found, automatically creating validation set","severity":"good"},{"description":"Smallest class is \"Cat\" with 15 images","severity":"debug"},{"description":"Largest class is \"Lovebird\" with 33 images","severity":"debug"}],"classifierAnalysis":{"columns":[],"vizualizerSpec":"","labelStats":{"Rabbit":16,"Lovebird":33,"Cat":15,"Dog":16}}}},"dataURL":"file:\/\/\/Users\/nadiaahmadian\/Desktop\/Training%20Data\/","featureExtractionCheckpointMayBeAvailable":false,"recipeValidationResults":{"imageClassifier":{"confusionMatrix":[{"expected":"Cat","actual":"Cat","count":1},{"expected":"Dog","actual":"Dog","count":3},{"expected":"Lovebird","actual":"Lovebird","count":5},{"expected":"Rabbit","actual":"Rabbit","count":1}],"statsByLabel":{"Rabbit":{"count":1,"precisionRecall":{"success":{"recall":1,"precision":1}}},"Lovebird":{"count":5,"precisionRecall":{"success":{"recall":1,"precision":1}}},"Cat":{"count":1,"precisionRecall":{"success":{"recall":1,"precision":1}}},"Dog":{"count":3,"precisionRecall":{"success":{"recall":1,"precision":1}}}},"accuracy":1}},"progress":[{"currentRowIndex":0,"tableIndex":0,"count":0,"isLast":false,"percentComplete":0,"tableDone":false},{"icTrainingColumnHeader":{"hasValidation":true,"elapsedTime":0.072352,"trainingAccuracy":0.40000000000000002,"iterationCount":1,"validationAccuracy":0.5},"isLast":false,"currentRowIndex":0,"count":1,"tableDone":false,"tableIndex":16,"percentComplete":0},{"icTrainingColumnHeader":{"hasValidation":true,"elapsedTime":0.201791,"trainingAccuracy":0.97142899999999999,"iterationCount":2,"validationAccuracy":1},"isLast":false,"currentRowIndex":0,"count":2,"tableDone":false,"tableIndex":16,"percentComplete":0},{"icTrainingColumnHeader":{"hasValidation":true,"elapsedTime":0.230461,"trainingAccuracy":0.75714300000000001,"iterationCount":3,"validationAccuracy":0.90000000000000002},"isLast":false,"currentRowIndex":0,"count":3,"tableDone":false,"tableIndex":16,"percentComplete":0},{"icTrainingColumnHeader":{"hasValidation":true,"elapsedTime":0.27022499999999999,"trainingAccuracy":1,"iterationCount":4,"validationAccuracy":1},"isLast":false,"currentRowIndex":0,"count":4,"tableDone":false,"tableIndex":16,"percentComplete":0},{"icTrainingColumnHeader":{"hasValidation":true,"elapsedTime":0.30108200000000002,"trainingAccuracy":1,"iterationCount":5,"validationAccuracy":1},"isLast":false,"currentRowIndex":0,"count":5,"tableDone":false,"tableIndex":16,"percentComplete":0},{"icTrainingColumnHeader":{"hasValidation":true,"elapsedTime":0.515096,"trainingAccuracy":1,"iterationCount":10,"validationAccuracy":1},"isLast":false,"currentRowIndex":0,"count":10,"tableDone":true,"tableIndex":16,"percentComplete":0},{"currentRowIndex":0,"tableIndex":0,"count":15,"isLast":false,"percentComplete":0,"tableDone":false},{"currentRowIndex":0,"tableIndex":0,"count":20,"isLast":false,"percentComplete":0,"tableDone":false},{"currentRowIndex":0,"tableIndex":0,"count":25,"isLast":false,"percentComplete":0,"tableDone":false},{"currentRowIndex":0,"tableIndex":0,"count":30,"isLast":false,"percentComplete":0,"tableDone":false},{"currentRowIndex":0,"tableIndex":0,"count":35,"isLast":false,"percentComplete":0,"tableDone":false},{"currentRowIndex":0,"tableIndex":0,"count":40,"isLast":false,"percentComplete":0,"tableDone":false},{"currentRowIndex":0,"tableIndex":0,"count":45,"isLast":false,"percentComplete":0,"tableDone":false},{"currentRowIndex":0,"tableIndex":0,"count":50,"isLast":false,"percentComplete":0,"tableDone":false},{"currentRowIndex":0,"tableIndex":0,"count":55,"isLast":false,"percentComplete":0,"tableDone":false},{"currentRowIndex":0,"tableIndex":0,"count":60,"isLast":false,"percentComplete":0,"tableDone":false},{"currentRowIndex":0,"tableIndex":0,"count":65,"isLast":false,"percentComplete":0,"tableDone":false},{"currentRowIndex":0,"tableIndex":0,"count":70,"isLast":false,"percentComplete":0,"tableDone":false},{"currentRowIndex":0,"tableIndex":0,"count":75,"isLast":false,"percentComplete":0,"tableDone":false},{"currentRowIndex":0,"tableIndex":0,"count":80,"isLast":false,"percentComplete":0,"tableDone":true}],"trainingAccuracy":1,"checkpointMetrics":{},"analysedDataType":"none","dataSourceID":"AF72FDFF-E6B9-4CB9-A2CA-60314508AD91","snapshottableCheckpoints":{},"validationAccuracy":1,"startTime":"2021-08-06T11:05:18Z"},"createdDate":"2021-08-06T11:04:49Z","snapshotRole":{"withoutSnapshots":0},"evaluationEntities":[{"result":{"imageClassifier":{"statsByLabel":{"Rabbit":{"count":5,"precisionRecall":{"success":{"recall":1,"precision":1}}},"Lovebird":{"count":7,"precisionRecall":{"success":{"recall":1,"precision":1}}},"Cat":{"count":5,"precisionRecall":{"success":{"recall":1,"precision":1}}},"Dog":{"count":6,"precisionRecall":{"success":{"recall":1,"precision":1}}}},"accuracy":1}},"dataURL":"file:\/\/\/Users\/nadiaahmadian\/Desktop\/Testing%20Data\/","id":"39f72af7-7470-4973-9435-b8cf75922ee9","dataResult":{"itemsCount":23,"dataURL":"file:\/\/\/Users\/nadiaahmadian\/Desktop\/Testing%20Data\/","classesCount":4,"dataSourceID":"4FC73FA4-9F2B-4766-8044-9D679FFE0EFE","analysis":{"summary":{"sampleCount":23,"classCount":4,"canUseValidation":0},"issues":[{"description":"4 classes found, including Lovebird, Dog, Cat","severity":"debug"},{"description":"Less than 50 total images found - add more to improve model validation","severity":"warning"},{"description":"Smallest class is \"Rabbit\" with 5 images","severity":"debug"},{"description":"Largest class is \"Lovebird\" with 7 images","severity":"debug"}],"classifierAnalysis":{"columns":[],"vizualizerSpec":"","labelStats":{"Rabbit":5,"Lovebird":7,"Cat":5,"Dog":6}}}},"dataSourceID":"4FC73FA4-9F2B-4766-8044-9D679FFE0EFE","analysedDataType":"none","accuracy":1,"startTime":"2021-08-06T11:05:36Z","finishTime":"2021-08-06T11:05:41Z"},{"id":"3aed7175-94c6-4de2-9d92-adfcbc953622","dataResult":{"itemsCount":23,"dataURL":"file:\/\/\/Users\/nadiaahmadian\/Desktop\/Testing%20Data\/","classesCount":4,"dataSourceID":"4FC73FA4-9F2B-4766-8044-9D679FFE0EFE","analysis":{"summary":{"sampleCount":23,"classCount":4,"canUseValidation":0},"issues":[{"description":"4 classes found, including Lovebird, Dog, Cat","severity":"debug"},{"description":"Less than 50 total images found - add more to improve model validation","severity":"warning"},{"description":"Smallest class is \"Rabbit\" with 5 images","severity":"debug"},{"description":"Largest class is \"Lovebird\" with 7 images","severity":"debug"}],"classifierAnalysis":{"columns":[],"vizualizerSpec":"","labelStats":{"Rabbit":5,"Lovebird":7,"Cat":5,"Dog":6}}}},"dataURL":"file:\/\/\/Users\/nadiaahmadian\/Desktop\/Testing%20Data\/","dataSourceID":"4FC73FA4-9F2B-4766-8044-9D679FFE0EFE","analysedDataType":"none"}],"activityEntities":["experimentCreated",[{"id":"59CFF65A-1690-44BB-B75A-8F7D8FA0291B","title":"Model Source Created","createdDate":"2021-08-06T11:04:49Z","event":"experimentCreated","subtitle":"MyImageClassifier 1"}],"evaluationStarted",[{"id":"CFAC5118-04B3-4EF5-A92E-9BEC4C81510C","title":"Testing Started","createdDate":"2021-08-06T11:05:36Z","event":"evaluationStarted","subtitle":"MyImageClassifier 1"}],"evaluationDataAdded",[{"id":"31F08313-1A82-44C9-BF91-95D8334B1EB4","title":"Testing Data Added","createdDate":"2021-08-06T11:05:06Z","event":"evaluationDataAdded","subtitle":"Testing Data"}],"trainingFinished",[{"id":"D7FE8E45-5DEC-49CB-B592-3F44293CC093","title":"Training Completed","createdDate":"2021-08-06T11:05:34Z","event":"trainingFinished","subtitle":"Model converged at 10 iterations"}],"evaluationFinished",[{"id":"50D08C1C-FF56-4090-836C-24FD7399733E","title":"Testing Completed","createdDate":"2021-08-06T11:05:41Z","event":"evaluationFinished","subtitle":"MyImageClassifier 1"}],"trainingDataAdded",[{"id":"A0384BF7-9044-4D3B-A95D-C4D43487CC97","title":"Training Data Added","createdDate":"2021-08-06T11:05:00Z","event":"trainingDataAdded","subtitle":"Training Data"}],"trainingStarted",[{"id":"3C63C166-0D9B-435D-997B-7BF32FF95054","title":"Training Started","createdDate":"2021-08-06T11:05:18Z","event":"trainingStarted","subtitle":"25 iterations"}]],"title":"MyImageClassifier 1","evaluationEntity":{"result":{"imageClassifier":{"statsByLabel":{"Rabbit":{"count":5,"precisionRecall":{"success":{"recall":1,"precision":1}}},"Lovebird":{"count":7,"precisionRecall":{"success":{"recall":1,"precision":1}}},"Cat":{"count":5,"precisionRecall":{"success":{"recall":1,"precision":1}}},"Dog":{"count":6,"precisionRecall":{"success":{"recall":1,"precision":1}}}},"accuracy":1}},"dataURL":"file:\/\/\/Users\/nadiaahmadian\/Desktop\/Testing%20Data\/","id":"bba92f82-0b05-4d5d-b057-f8bb5db62e7f","dataResult":{"itemsCount":23,"dataURL":"file:\/\/\/Users\/nadiaahmadian\/Desktop\/Testing%20Data\/","classesCount":4,"dataSourceID":"4FC73FA4-9F2B-4766-8044-9D679FFE0EFE","analysis":{"summary":{"sampleCount":23,"classCount":4,"canUseValidation":0},"issues":[{"description":"4 classes found, including Lovebird, Dog, Cat","severity":"debug"},{"description":"Less than 50 total images found - add more to improve model validation","severity":"warning"},{"description":"Smallest class is \"Rabbit\" with 5 images","severity":"debug"},{"description":"Largest class is \"Lovebird\" with 7 images","severity":"debug"}],"classifierAnalysis":{"columns":[],"vizualizerSpec":"","labelStats":{"Rabbit":5,"Lovebird":7,"Cat":5,"Dog":6}}}},"dataSourceID":"4FC73FA4-9F2B-4766-8044-9D679FFE0EFE","analysedDataType":"none","accuracy":1,"startTime":"2021-08-06T11:05:36Z","finishTime":"2021-08-06T11:05:41Z"},"evaluationState":"evaluated","contentDataResult":{},"modifiedDate":"2021-08-06T11:05:41Z","preferredFilename":"MyImageClassifier 1"}